recipe,calories,carbohydrate,sugar,protein,category,servings,high_traffic
2,35.48,38.56,0.66,0.92,Potato,4,True
3,914.28,42.68,3.09,2.88,Breakfast,1,False
4,97.03,30.56,38.63,0.02,Beverages,4,True
5,27.05,1.85,0.8,0.53,Beverages,4,False
6,691.15,3.46,1.65,53.93,One Dish Meal,2,True
7,183.94,47.95,9.75,46.71,Chicken,4,False
8,299.14,3.17,0.4,32.4,Lunch/Snacks,4,False
9,538.52,3.78,3.37,3.79,Pork,6,True
10,248.28,48.54,3.99,113.85,Chicken,2,False
11,170.12,17.63,4.1,0.91,Beverages,1,False
12,155.8,8.27,9.78,11.55,Breakfast,6,False
13,274.63,23.49,1.56,2.57,Potato,4,True
14,25.23,11.51,10.32,9.57,Vegetable,4,True
15,217.14,6.69,10.0,15.17,Meat,4,True
16,316.45,2.65,4.68,79.71,Meat,6,True
17,454.27,1.87,2.95,61.07,Meat,2,True
18,1695.82,0.1,0.39,33.17,Meat,1,True
19,1090.75,4.65,0.69,3.49,Meat,6,True
20,127.55,27.55,1.51,8.91,Chicken,2,False
21,9.26,17.44,8.16,10.81,Potato,6,True
22,40.53,87.91,104.91,11.93,Dessert,4,False
23,82.73,3.17,7.95,26.04,Breakfast,4,False
25,1161.49,1.53,8.88,12.57,Breakfast,1,True
26,56.29,22.35,11.38,34.79,One Dish Meal,4,True
27,411.16,51.7,27.78,70.3,Pork,2,True
28,574.75,13.12,1.84,13.85,Potato,4,True
29,595.39,62.67,2.64,4.96,Potato,2,True
30,164.76,33.58,17.87,220.14,One Dish Meal,2,True
31,215.98,52.66,6.25,32.32,Pork,2,True
32,617.11,23.1,32.83,45.89,Breakfast,6,False
33,347.06,9.5,5.92,82.58,Chicken,4,False
34,497.17,1.47,1.51,2.97,Lunch/Snacks,6,True
35,575.63,20.71,0.2,6.24,Breakfast,6,True
36,796.89,29.1,9.63,2.28,Lunch/Snacks,2,False
37,1321.78,70.07,7.75,19.51,Breakfast,1,False
38,44.55,99.82,2.62,15.57,Breakfast,4,False
39,264.62,1.5,18.44,32.62,Chicken,4,False
40,44.81,4.62,0.4,5.9,Vegetable,4,True
41,621.54,14.16,10.7,39.69,Chicken,6,True
42,290.1,4.43,1.05,40.64,Breakfast,4,False
43,576.89,4.79,20.92,4.29,One Dish Meal,2,False
44,262.12,17.46,0.33,87.05,Chicken,4,False
45,64.29,16.95,0.77,11.2,Breakfast,1,False
46,83.39,13.06,1.62,3.44,Vegetable,6,True
47,69.01,39.17,39.54,0.17,Beverages,4,False
48,43.91,48.16,4.58,7.92,Breakfast,4,False
50,1724.25,45.52,0.07,49.37,Breakfast,1,True
51,293.36,19.16,9.4,1.32,Pork,2,False
52,1279.53,19.56,1.08,18.2,Pork,4,True
53,367.3,89.84,6.96,73.35,Chicken,2,False
54,74.56,47.47,16.36,45.15,Pork,4,True
55,131.51,33.32,1.7,87.11,Pork,6,True
56,2122.24,25.99,0.52,81.37,Pork,1,True
57,47.17,60.93,13.82,10.8,Vegetable,4,True
58,191.78,9.17,0.65,66.69,Chicken,1,False
59,6.23,56.43,5.6,2.12,Lunch/Snacks,6,True
60,384.93,74.38,76.53,2.17,Dessert,2,False
61,616.95,69.45,7.77,3.12,Dessert,4,True
62,187.87,55.51,9.99,86.09,One Dish Meal,4,False
63,160.05,42.45,1.6,44.38,One Dish Meal,2,True
64,813.08,88.55,0.47,136.89,Chicken,1,True
65,566.2,1.72,2.54,4.24,Meat,4,True
66,260.33,0.51,1.24,4.53,Dessert,1,False
67,61.78,13.87,10.68,0.72,Beverages,2,False
68,717.72,71.21,14.02,7.1,Breakfast,4,False
69,1105.15,6.63,3.79,71.51,Chicken,1,False
70,799.39,23.14,3.33,19.75,One Dish Meal,1,False
71,100.0,95.89,10.2,114.6,Lunch/Snacks,4,False
72,2508.47,18.11,10.6,84.23,Chicken,4,False
73,38.22,13.09,3.8,2.09,Beverages,1,False
74,288.6,10.5,8.83,102.53,One Dish Meal,4,False
75,320.57,83.79,16.24,2.07,Dessert,1,True
76,767.16,24.76,0.57,31.07,Potato,4,True
77,557.66,36.78,3.0,19.55,One Dish Meal,1,True
78,65.52,2.67,0.07,0.51,Dessert,2,False
79,791.49,98.51,5.8,91.51,Breakfast,1,False
80,19.91,35.47,2.17,11.82,Breakfast,1,True
81,81.56,33.08,2.34,11.2,Breakfast,4,True
82,65.69,7.99,9.23,14.52,Breakfast,4,True
84,886.47,78.02,16.39,2.37,Breakfast,2,False
85,85.17,29.96,0.57,5.24,Chicken,2,True
86,662.78,47.61,4.08,2.39,Meat,1,True
87,113.03,23.45,0.47,62.08,Meat,4,True
88,374.27,74.16,5.91,0.38,Lunch/Snacks,2,False
89,193.17,4.49,3.01,46.9,Breakfast,4,True
91,388.37,13.67,11.13,2.67,Breakfast,6,False
92,106.87,0.88,7.28,5.67,Vegetable,4,True
93,34.77,10.48,12.33,8.63,Breakfast,6,False
94,113.84,37.57,1.21,21.31,Chicken,4,False
95,826.83,145.32,6.48,3.04,Potato,4,True
96,356.64,1.24,54.47,0.48,Beverages,4,False
97,88.57,14.31,47.32,5.67,Dessert,1,True
98,2081.69,8.09,4.78,28.48,One Dish Meal,2,True
99,131.8,29.18,5.85,8.42,Breakfast,2,True
100,672.26,88.81,6.31,20.89,Lunch/Snacks,2,False
101,266.41,58.44,4.19,10.96,Chicken,4,False
102,198.98,87.68,0.39,39.12,Vegetable,4,True
103,165.2,8.24,0.4,2.5,Chicken,4,False
104,1075.91,3.67,15.1,45.62,Meat,4,True
105,413.67,20.8,5.75,54.13,Breakfast,1,False
106,396.37,16.85,2.48,0.27,Beverages,1,True
107,766.01,9.43,0.82,66.71,Meat,1,False
108,196.68,2.28,9.12,2.17,Vegetable,1,True
109,612.64,38.55,10.06,5.65,Dessert,6,True
110,161.32,32.21,7.15,6.09,Lunch/Snacks,4,True
111,46.99,24.72,2.13,10.8,Breakfast,4,False
112,409.66,31.32,13.83,29.86,Meat,1,True
113,719.02,49.37,1.22,5.72,Potato,4,True
114,76.77,48.84,22.95,4.88,Meat,2,True
115,177.84,10.67,2.21,3.02,Lunch/Snacks,2,True
116,26.76,5.17,2.39,4.45,Vegetable,4,True
118,209.65,49.36,0.96,2.15,Breakfast,4,False
119,28.83,31.55,38.36,3.57,Dessert,2,False
120,443.2,16.2,10.35,0.01,Vegetable,4,True
121,1114.94,31.45,13.02,1.33,Meat,2,True
123,384.59,1.93,8.6,0.86,Beverages,1,False
124,38.92,12.9,11.32,69.53,Chicken,1,False
125,2906.01,3.52,1.89,179.22,Pork,6,True
126,180.42,9.64,6.87,15.59,Breakfast,4,True
127,324.0,79.18,1.7,7.03,One Dish Meal,4,True
128,960.75,190.84,4.13,96.91,One Dish Meal,4,True
129,72.71,38.4,4.37,7.44,Breakfast,4,False
130,528.9,18.65,3.31,6.04,Potato,4,False
131,190.52,2.57,0.56,1.58,Beverages,6,False
132,160.08,14.21,10.22,3.81,Potato,4,True
133,93.62,3.74,29.41,4.62,Dessert,4,True
134,959.51,4.4,44.54,12.12,Dessert,1,False
135,104.25,44.61,5.12,2.89,Vegetable,4,True
136,115.95,156.23,7.9,49.63,One Dish Meal,4,True
138,24.05,59.63,0.31,142.03,Chicken,4,True
139,96.06,51.94,2.65,13.07,Breakfast,6,True
140,13.62,92.02,0.89,44.92,One Dish Meal,1,True
141,4.22,3.46,10.93,0.74,Beverages,6,False
142,24.21,67.02,13.47,7.82,Breakfast,6,False
143,94.41,25.98,23.79,1.49,Dessert,4,True
144,42.01,12.0,11.7,1.32,Beverages,1,False
145,296.92,1.42,11.15,25.19,Breakfast,2,True
146,258.16,7.53,1.2,40.32,Chicken,6,False
147,229.58,39.93,1.09,6.66,Potato,4,True
148,1568.0,15.49,5.23,53.23,Chicken,1,False
149,205.98,61.85,2.89,14.45,Chicken,4,True
151,286.54,21.1,1.53,4.1,Breakfast,6,True
152,311.39,43.2,1.13,3.36,Vegetable,1,True
153,178.98,4.34,17.29,18.49,Vegetable,4,True
154,272.31,73.05,7.68,0.29,Beverages,2,False
155,188.42,34.29,5.55,3.15,Breakfast,4,True
156,836.95,32.82,59.04,0.32,Beverages,2,False
157,81.01,0.35,1.27,1.19,Beverages,4,False
158,766.8,13.6,8.27,17.85,Lunch/Snacks,6,False
159,335.43,23.88,2.77,38.18,Vegetable,6,True
160,777.37,101.73,2.52,5.12,Dessert,4,True
161,353.58,12.82,1.02,6.39,One Dish Meal,1,True
162,859.11,73.16,14.6,3.3,Dessert,6,True
163,935.77,8.74,2.39,71.88,Chicken,2,False
164,379.87,13.94,0.57,43.68,Chicken,4,True
165,18.62,22.46,10.06,1.12,Beverages,6,False
166,181.1,7.33,2.4,104.07,Chicken,1,True
167,25.83,0.13,2.24,28.6,Chicken,6,False
168,4.41,239.06,19.54,3.76,Dessert,1,True
169,1044.92,24.34,5.6,4.66,Chicken,4,False
170,607.13,23.0,39.52,26.15,Breakfast,4,True
171,431.28,14.69,4.17,32.79,One Dish Meal,2,True
172,76.08,13.95,8.59,1.05,Beverages,4,False
173,98.76,7.28,16.56,1.15,Beverages,4,False
174,180.52,12.4,24.65,5.08,Dessert,2,True
175,16.58,5.66,14.41,19.94,Breakfast,6,True
176,382.85,3.38,44.22,0.36,Beverages,2,False
177,918.21,13.01,7.68,122.39,Chicken,4,False
178,114.0,113.65,3.1,26.36,Lunch/Snacks,4,False
179,336.52,1.05,1.89,5.22,Lunch/Snacks,2,False
180,410.34,28.09,3.5,128.84,Chicken,4,True
181,44.77,11.91,7.93,1.07,Potato,6,True
182,580.94,23.16,20.99,5.63,Dessert,6,True
183,699.44,56.65,3.2,3.48,Vegetable,4,True
184,61.8,6.28,0.72,15.46,Vegetable,4,False
185,62.59,23.96,6.25,30.83,One Dish Meal,6,False
186,1266.75,154.18,0.59,0.46,Lunch/Snacks,4,True
187,515.49,5.88,13.29,13.96,Lunch/Snacks,1,True
189,181.86,33.04,44.67,5.48,Dessert,4,True
190,529.68,23.75,2.28,15.81,Breakfast,1,True
191,1330.3,1.63,6.39,70.31,Meat,4,False
192,646.15,22.1,39.34,16.73,Dessert,6,False
193,1243.9,74.77,0.75,8.2,Lunch/Snacks,2,False
194,497.71,3.73,18.85,8.09,Chicken,2,True
195,267.51,15.99,5.77,0.95,Dessert,1,False
196,336.27,37.38,6.53,23.12,Lunch/Snacks,1,True
197,216.1,7.93,1.2,151.64,Chicken,6,False
198,278.05,9.85,12.93,26.75,Chicken,6,True
199,641.05,26.99,1.08,20.2,Meat,1,False
200,52.32,2.84,2.96,88.21,Meat,4,True
201,89.72,10.83,2.26,4.52,Vegetable,2,True
202,113.97,12.54,0.64,7.93,Vegetable,6,True
203,648.05,19.28,0.19,35.28,Breakfast,2,False
204,66.16,10.45,1.07,8.81,One Dish Meal,2,True
205,258.33,5.22,8.23,29.05,Breakfast,1,True
206,283.72,34.05,1.63,0.92,Lunch/Snacks,6,True
207,551.7,1.11,5.9,186.18,Pork,4,True
208,20.98,1.26,9.8,0.82,Beverages,1,False
209,10.21,44.63,17.74,13.51,Pork,4,True
211,1165.14,0.14,4.36,9.64,Potato,1,True
212,310.1,48.58,35.01,40.12,Pork,4,True
214,816.25,5.42,8.24,37.47,Meat,1,True
215,299.32,9.58,2.5,125.5,Chicken,6,True
216,280.13,1.1,7.58,0.56,Beverages,2,False
217,25.51,40.64,1.67,3.26,Lunch/Snacks,2,True
218,1292.18,89.2,14.22,80.03,Chicken,4,True
219,166.44,0.53,29.68,4.86,Dessert,6,True
220,1330.48,10.34,5.22,77.57,Chicken,1,False
221,625.76,23.38,11.99,25.79,Breakfast,2,True
223,48.11,5.13,0.29,0.51,Lunch/Snacks,4,True
224,62.85,29.98,4.41,40.65,Chicken,4,False
225,191.89,19.29,5.49,3.71,Potato,4,True
226,133.8,5.48,0.44,57.76,Pork,6,True
227,2703.12,6.4,2.17,28.2,Pork,6,True
228,124.79,158.92,1.76,23.07,Breakfast,1,True
229,0.14,18.12,11.15,87.34,Lunch/Snacks,2,True
230,393.73,39.26,1.33,17.38,Chicken,1,False
231,418.22,32.08,19.78,0.29,Beverages,1,False
232,247.79,32.82,4.57,10.06,Vegetable,2,True
233,207.37,12.05,22.03,0.38,Beverages,4,False
234,523.69,1.98,0.72,41.55,Chicken,6,True
235,627.16,34.96,41.5,16.15,Dessert,6,False
236,357.15,39.67,2.24,38.63,Chicken,4,False
237,482.99,53.73,6.53,3.46,Dessert,6,True
238,158.64,45.71,4.66,91.16,Chicken,2,False
239,581.7,11.48,7.94,13.64,Chicken,4,True
240,593.56,243.2,0.6,2.56,Chicken,2,False
241,539.78,14.84,17.29,21.55,One Dish Meal,2,False
242,791.99,56.12,2.47,2.77,Potato,4,True
243,1550.2,72.86,1.49,40.33,Chicken,4,True
244,653.9,111.8,5.04,0.36,Potato,6,True
245,160.43,11.37,0.6,0.24,Potato,6,True
246,337.48,27.98,2.26,19.05,Potato,2,True
247,71.97,16.94,0.95,3.37,Vegetable,2,True
248,542.49,6.93,26.16,29.67,Lunch/Snacks,4,False
249,208.87,32.34,7.41,6.42,Chicken,6,False
251,768.51,2.32,4.71,11.19,Chicken,4,False
252,129.03,51.57,7.66,6.05,Lunch/Snacks,4,True
253,44.02,6.95,1.23,2.37,Vegetable,4,True
254,239.36,56.72,18.03,0.13,Beverages,1,False
255,359.0,1.65,1.11,20.55,Chicken,4,True
256,866.33,45.08,7.74,64.46,One Dish Meal,1,False
257,682.73,31.36,5.7,3.58,Potato,2,True
258,575.07,69.94,1.18,1.8,Vegetable,1,True
259,125.95,7.85,5.38,0.83,Beverages,2,False
260,674.84,2.64,3.64,1.26,Vegetable,2,True
261,659.82,9.88,5.97,4.83,Breakfast,6,False
262,137.63,191.21,2.05,5.33,Potato,2,True
264,462.41,3.49,6.71,0.93,Vegetable,6,True
265,362.89,34.63,1.2,7.48,Pork,2,True
266,626.61,10.72,4.47,5.9,Potato,1,True
267,436.03,7.66,22.3,23.03,Meat,4,True
268,1767.53,9.96,4.16,70.4,Pork,4,True
269,416.01,1.84,17.99,1.41,Pork,1,True
270,33.36,33.62,19.04,13.24,Breakfast,4,False
271,457.35,12.74,4.83,21.43,Chicken,4,True
272,435.94,58.65,39.46,11.18,Dessert,1,True
273,592.12,27.54,2.97,21.88,Lunch/Snacks,4,False
274,285.01,2.2,15.81,0.76,Beverages,4,False
275,858.67,5.07,7.47,1.84,Lunch/Snacks,1,True
276,597.55,19.65,6.19,6.63,Lunch/Snacks,6,True
277,0.76,1.9,3.76,0.05,Vegetable,2,True
278,452.39,89.19,3.73,18.72,One Dish Meal,4,False
280,400.37,23.75,2.21,8.54,Breakfast,2,False
282,409.99,13.61,1.96,8.77,Vegetable,4,True
283,31.65,5.42,6.69,13.25,Vegetable,6,True
284,114.74,32.69,10.02,87.46,Pork,6,True
285,70.81,27.0,11.18,0.21,Beverages,4,False
286,1435.35,75.43,17.09,0.36,Lunch/Snacks,1,True
287,12.97,28.68,11.74,0.61,Beverages,4,False
288,370.92,6.65,4.55,11.97,Lunch/Snacks,1,False
289,35.63,2.52,19.21,0.18,Beverages,1,False
290,223.01,25.99,7.52,11.69,Meat,4,True
291,239.9,51.13,131.39,3.38,Dessert,2,True
292,379.16,4.79,0.4,5.27,Chicken,4,False
293,1878.82,0.8,7.6,89.01,Chicken,1,True
294,410.92,23.17,1.04,19.34,Meat,6,False
295,242.1,6.68,0.25,29.82,Pork,4,True
296,158.46,20.62,6.3,4.75,Vegetable,2,True
297,487.86,142.22,5.21,1.09,Potato,6,True
299,25.91,0.82,3.3,44.76,Chicken,4,False
300,1277.97,4.15,0.29,7.64,Pork,1,True
301,84.27,5.07,8.97,0.38,Beverages,1,False
302,293.86,11.43,3.16,0.98,Vegetable,2,True
303,889.25,13.44,1.61,2.58,One Dish Meal,2,False
304,167.09,7.7,30.73,12.87,Dessert,6,False
305,179.45,15.19,2.23,2.53,Potato,1,True
306,649.83,21.64,1.69,0.13,Meat,2,True
307,1706.75,24.59,5.35,39.53,Meat,4,True
308,406.05,128.22,18.58,15.06,Breakfast,2,False
309,73.91,35.05,2.09,14.68,Vegetable,6,True
310,581.04,38.52,0.1,82.85,Chicken,1,True
311,908.63,42.53,1.21,46.13,Pork,4,True
312,491.01,33.94,6.08,5.45,Dessert,4,False
313,1053.21,12.03,16.64,4.92,One Dish Meal,2,True
314,87.17,13.21,0.39,158.81,Meat,4,False
315,135.76,21.48,7.94,7.3,Chicken,4,False
316,132.29,50.28,1.88,22.89,Breakfast,4,False
317,166.73,15.74,4.34,169.78,Meat,4,True
318,92.21,8.53,0.24,14.14,Lunch/Snacks,4,True
319,472.91,8.68,1.91,15.08,Meat,4,True
320,409.03,71.58,5.73,125.66,Chicken,2,True
321,31.75,16.71,1.02,23.14,Breakfast,1,False
322,76.21,91.25,6.12,3.27,Dessert,4,True
323,257.71,140.96,9.46,8.77,Breakfast,6,True
324,49.5,66.64,4.69,53.33,Breakfast,4,False
325,771.52,96.03,1.49,7.52,Dessert,4,True
326,718.34,16.61,8.54,4.52,Chicken,4,False
328,798.39,0.86,0.5,0.4,Vegetable,4,True
329,561.43,11.83,9.0,189.33,Pork,6,True
330,552.83,39.55,3.61,48.54,Potato,4,True
331,684.88,41.08,2.0,1.48,Beverages,2,False
332,970.22,177.22,1.8,6.44,Lunch/Snacks,2,True
333,20.81,33.92,5.44,18.54,Lunch/Snacks,4,True
334,561.44,43.26,0.14,96.27,Chicken,6,False
335,532.01,31.76,1.44,17.96,Lunch/Snacks,4,True
336,152.42,12.11,0.38,5.56,One Dish Meal,2,False
337,857.34,67.38,4.97,2.8,Dessert,4,False
338,138.11,3.7,5.24,63.56,Chicken,4,True
339,482.51,26.21,5.29,18.93,Potato,4,True
340,288.55,142.28,50.17,0.47,Dessert,4,False
341,1251.42,12.28,0.17,0.59,Lunch/Snacks,4,True
342,23.64,102.52,14.22,61.22,One Dish Meal,4,True
343,111.1,37.55,6.6,239.57,Lunch/Snacks,2,False
344,958.28,50.02,0.98,9.27,Breakfast,6,True
345,134.48,45.5,37.08,0.2,Chicken,4,False
346,187.46,47.62,16.3,78.81,Pork,1,True
347,110.69,58.8,45.33,1.23,Dessert,6,True
348,416.12,3.43,1.05,10.12,Chicken,6,True
349,1199.2,40.96,1.55,29.53,Pork,6,True
350,94.27,383.06,5.98,39.61,Potato,1,True
351,45.62,15.34,3.27,2.16,Breakfast,6,True
353,781.15,3.91,0.39,21.41,Pork,4,True
354,1045.21,5.12,1.79,70.69,Meat,4,False
356,1337.71,3.84,8.48,0.95,Vegetable,6,True
357,2282.6,4.5,4.16,31.19,One Dish Meal,4,True
358,259.36,20.05,3.45,91.16,Meat,4,True
359,231.2,15.18,6.96,70.75,Chicken,1,True
360,136.46,31.09,2.4,6.77,Potato,2,True
361,850.16,2.56,1.52,9.31,Lunch/Snacks,6,True
362,1007.85,3.43,5.78,59.23,Chicken,4,True
363,521.78,76.37,12.63,8.62,Potato,6,True
364,11.6,39.04,13.91,4.06,Dessert,4,False
365,268.04,77.7,2.43,0.88,Beverages,2,False
366,516.76,13.59,2.96,50.19,Chicken,4,False
367,34.97,16.88,4.54,14.04,Vegetable,4,True
368,123.02,202.66,16.0,8.14,Dessert,6,True
369,578.4,9.43,4.4,8.36,Chicken,1,True
370,199.54,9.1,8.17,10.1,Meat,6,True
371,1205.68,2.78,1.24,109.92,Meat,6,False
372,259.95,18.93,5.08,0.33,Vegetable,6,True
374,877.29,16.62,37.05,21.09,Pork,4,True
375,298.69,1.18,11.47,0.03,Beverages,6,False
376,265.71,11.68,11.7,0.79,Vegetable,2,True
378,182.21,11.66,0.91,73.94,Chicken,4,True
379,235.91,43.2,41.24,4.27,Dessert,1,True
380,75.89,22.51,8.18,17.64,Meat,6,True
381,434.29,64.57,2.91,7.16,Potato,2,True
382,1362.81,26.21,1.94,125.43,Chicken,4,False
383,275.96,29.94,13.22,7.49,Chicken,1,True
384,708.64,45.44,4.55,221.91,Chicken,6,True
385,338.74,70.14,0.58,13.36,Chicken,4,False
386,75.17,6.45,8.59,0.73,Beverages,2,True
387,90.01,60.18,15.52,17.64,Breakfast,4,False
388,2.14,20.11,0.16,1.42,Beverages,4,False
390,255.58,47.45,1.58,4.92,Vegetable,4,True
391,259.83,89.3,1.61,6.0,Breakfast,4,False
392,110.07,4.07,9.1,8.88,Potato,6,True
393,460.49,18.84,16.96,52.0,Chicken,4,False
394,46.66,4.7,13.11,35.28,Chicken,1,False
395,50.94,37.18,0.5,10.84,Breakfast,1,False
396,90.95,15.03,5.32,19.29,Breakfast,1,True
397,64.36,11.28,12.47,20.87,Potato,4,True
398,2051.34,2.46,2.12,69.62,Chicken,2,True
399,128.3,14.75,3.01,16.34,Pork,4,True
400,71.87,31.44,1.34,32.45,Chicken,2,False
401,338.71,59.94,12.26,30.72,Breakfast,4,False
402,633.87,16.11,2.47,7.25,Lunch/Snacks,6,False
403,291.64,2.12,42.8,11.05,Breakfast,6,False
404,126.96,19.11,18.17,0.18,Beverages,4,False
405,141.15,68.04,1.48,6.95,Meat,4,True
407,169.83,42.42,1.98,31.1,Meat,4,True
408,262.09,2.8,8.68,0.08,Beverages,6,False
409,1073.39,8.32,16.11,8.15,Lunch/Snacks,4,False
410,108.62,13.68,6.72,0.23,Beverages,2,False
411,378.65,38.0,5.39,24.04,Meat,6,False
412,617.5,14.68,9.88,3.12,Dessert,6,True
413,237.97,3.35,1.21,5.4,Vegetable,6,True
414,150.83,118.2,0.75,6.27,Potato,4,True
415,602.74,28.03,2.92,5.8,Breakfast,1,False
416,468.76,35.6,1.99,20.66,Meat,4,True
417,652.18,53.19,28.18,2.6,Breakfast,6,False
418,715.66,8.98,1.97,0.93,Vegetable,4,True
419,1830.28,3.92,1.83,44.74,Chicken,1,True
420,536.42,8.87,2.08,38.47,Chicken,4,True
421,94.04,5.17,0.68,0.01,Beverages,2,False
422,332.19,25.86,1.04,20.25,Meat,4,True
423,240.52,19.5,5.64,2.44,Pork,4,True
424,199.34,22.88,32.7,0.15,Beverages,2,False
425,76.28,119.63,0.41,17.79,Lunch/Snacks,4,True
426,1263.15,5.14,16.54,100.46,Meat,2,True
427,187.41,19.12,86.97,4.49,Dessert,6,False
429,1646.83,101.11,2.77,14.87,Meat,1,True
430,158.84,19.75,12.66,10.07,Breakfast,4,False
431,11.73,17.57,6.07,0.91,Beverages,4,False
432,402.0,47.57,0.36,0.02,Beverages,6,False
433,999.98,36.65,5.66,16.72,Chicken,4,True
434,48.93,65.68,1.62,9.55,Meat,4,True
435,310.52,12.54,3.21,1.6,Chicken,6,False
436,305.09,21.98,30.6,11.79,Lunch/Snacks,4,True
437,726.23,42.72,1.62,19.19,One Dish Meal,6,True
438,1503.92,13.49,4.79,1.9,Chicken,6,False
439,151.88,7.41,6.09,40.24,One Dish Meal,4,True
440,114.08,15.13,1.81,38.6,Chicken,1,True
441,295.62,22.47,29.72,7.76,Dessert,6,True
442,538.88,6.84,6.95,43.91,One Dish Meal,2,False
443,108.28,60.94,7.79,55.46,One Dish Meal,4,True
444,716.79,24.93,3.32,16.11,Meat,6,True
445,245.53,4.92,22.74,82.39,Chicken,6,False
446,374.35,15.19,9.22,2.49,Dessert,2,True
447,125.76,9.18,0.54,85.32,Chicken,2,True
448,452.51,2.86,9.5,16.78,Chicken,2,False
449,403.7,1.97,13.94,1.08,Breakfast,4,False
450,144.28,39.63,8.81,14.59,Pork,4,True
451,182.76,530.42,5.8,5.01,Potato,4,True
452,1542.53,14.73,5.71,29.92,Lunch/Snacks,4,True
453,361.17,21.52,3.38,19.22,Lunch/Snacks,6,False
454,49.2,173.93,3.53,5.96,Breakfast,2,False
455,18.23,22.32,5.14,18.37,Potato,6,True
457,286.7,29.92,2.8,28.07,Breakfast,4,True
458,796.74,44.85,2.36,3.44,Potato,4,True
459,259.32,90.65,3.8,85.81,One Dish Meal,1,True
460,725.82,41.68,1.51,7.78,Potato,6,True
461,1179.5,0.31,13.7,1.42,One Dish Meal,4,True
462,349.29,6.18,1.92,25.18,Vegetable,2,True
463,891.7,3.0,4.97,31.36,Breakfast,4,True
464,189.27,9.54,6.47,0.34,Beverages,6,False
465,108.58,21.67,0.24,11.24,Vegetable,1,True
466,51.81,25.43,0.87,42.7,One Dish Meal,2,False
467,47.89,4.2,11.78,0.93,Beverages,6,False
468,29.19,1.33,66.03,2.56,Dessert,6,True
469,27.11,22.63,4.93,0.0,Beverages,1,False
470,751.18,163.33,13.71,29.39,Lunch/Snacks,6,False
471,1272.1,3.13,0.73,25.44,Chicken,1,False
472,1241.83,6.01,10.36,11.99,Pork,4,True
473,511.39,6.26,7.17,6.62,Dessert,4,True
474,67.72,11.03,5.32,40.39,Pork,1,True
475,354.02,15.36,26.97,64.15,Chicken,2,True
476,54.97,3.72,7.26,1.08,Vegetable,4,True
477,553.67,2.65,1.7,7.96,Vegetable,4,True
478,28.33,66.3,0.77,10.13,Lunch/Snacks,6,False
479,546.1,26.13,3.17,19.42,Chicken,6,True
480,525.28,62.46,1.27,10.85,Lunch/Snacks,1,True
481,394.55,50.96,2.45,66.4,Chicken,1,False
482,392.95,103.46,4.97,1.06,Vegetable,6,True
483,920.73,9.91,38.66,0.36,Dessert,4,True
484,208.66,15.21,1.6,12.43,Chicken,2,False
485,225.87,6.19,2.97,2.89,Chicken,1,False
486,139.19,20.1,18.4,3.95,Breakfast,4,True
487,7.55,54.19,0.91,14.18,Lunch/Snacks,1,True
488,1295.21,34.77,0.75,171.22,Meat,2,True
489,42.13,1.83,2.68,11.43,Breakfast,4,False
490,339.8,2.81,3.03,0.24,Beverages,4,False
491,27.78,25.23,17.58,0.04,Beverages,4,False
492,82.32,16.44,2.86,16.22,Breakfast,2,False
493,14.96,37.05,15.71,0.01,Beverages,4,False
494,581.97,8.29,29.15,0.43,Beverages,4,False
495,46.34,18.24,0.15,1.58,Vegetable,4,True
496,1177.94,48.25,0.78,18.3,Pork,2,True
497,260.15,23.07,71.52,3.22,Dessert,2,True
498,350.61,73.29,17.77,1.98,Dessert,4,True
499,470.68,2.71,3.92,31.4,Breakfast,1,False
500,333.01,19.44,0.69,12.47,Meat,1,True
501,0.3,5.19,0.96,1.51,Beverages,4,False
502,883.12,70.81,6.85,94.0,Chicken,6,False
503,1110.54,27.97,3.96,28.65,One Dish Meal,4,True
504,529.26,100.7,5.88,9.6,Vegetable,4,True
505,145.89,30.54,8.47,0.82,Beverages,4,False
506,275.18,5.41,7.9,0.73,Chicken,2,False
507,856.4,53.27,11.63,6.4,Vegetable,4,True
508,37.74,34.94,13.91,25.6,Breakfast,4,False
509,135.85,23.89,12.38,14.89,Potato,1,True
510,139.52,26.54,3.08,6.83,Chicken,4,False
511,217.57,8.43,7.26,78.47,Chicken,4,False
512,380.75,24.12,2.81,7.02,Potato,4,True
513,7.39,4.47,11.62,10.75,Vegetable,4,True
514,2.98,9.81,28.58,19.11,Chicken,1,False
515,32.36,1.5,13.67,12.09,Breakfast,1,True
516,463.52,5.19,17.61,0.42,Beverages,1,False
517,264.13,39.05,2.97,23.04,Chicken,4,True
518,229.68,10.72,5.74,1.34,Vegetable,4,True
519,161.81,16.8,30.56,0.14,Beverages,4,False
520,138.81,12.91,14.61,0.04,Beverages,1,False
521,363.51,23.52,0.5,78.49,Chicken,1,True
522,600.99,195.8,5.25,23.11,One Dish Meal,4,True
523,452.67,21.28,12.13,144.71,Chicken,2,True
524,74.78,2.97,7.55,0.7,Beverages,6,False
525,539.11,13.46,0.83,13.39,Chicken,4,True
526,93.5,39.28,2.57,23.68,Breakfast,4,False
527,493.26,3.1,5.43,17.35,Breakfast,2,False
528,10.66,2.32,0.08,73.42,Pork,6,True
529,196.69,1.89,1.48,1.81,Chicken,6,False
530,448.59,181.98,36.47,12.03,One Dish Meal,6,True
532,133.7,50.22,0.1,32.71,Chicken,6,False
533,534.7,0.99,0.32,3.17,Potato,1,True
534,76.76,0.65,48.21,0.2,Beverages,4,False
536,689.29,5.14,1.13,12.72,Vegetable,4,True
537,879.61,0.03,8.34,7.83,Chicken,4,True
538,117.95,17.11,6.67,1.15,Beverages,2,False
540,84.83,26.93,43.34,10.52,Dessert,6,False
541,60.62,140.98,148.75,5.53,Dessert,1,False
542,513.03,2.18,0.13,49.14,Lunch/Snacks,2,True
543,51.19,39.96,8.11,18.31,Potato,4,True
544,226.38,13.44,0.45,37.7,Potato,4,True
545,203.16,16.61,54.33,0.59,Beverages,4,False
547,1375.2,18.79,27.83,29.6,Meat,2,False
548,1715.48,44.66,6.67,32.98,Pork,4,True
549,1440.69,30.59,5.78,30.63,Lunch/Snacks,6,True
550,473.41,9.91,1.84,6.57,Potato,4,True
551,927.15,0.05,1.73,12.29,Potato,4,True
552,238.3,0.21,9.43,2.64,Meat,2,False
553,241.33,32.19,1.43,1.0,Vegetable,2,True
554,213.0,55.84,11.98,1.19,Chicken,4,True
555,61.82,15.63,5.23,19.06,Pork,4,False
557,426.27,14.98,9.75,4.48,Breakfast,2,False
558,34.97,2.73,30.32,4.95,Breakfast,2,True
559,567.1,15.55,9.34,14.1,Chicken,4,False
560,219.66,24.36,5.33,1.32,Breakfast,2,True
561,242.85,28.81,1.99,8.57,Breakfast,1,False
562,148.17,39.47,0.16,14.83,Lunch/Snacks,4,False
563,184.4,4.82,4.14,33.31,Chicken,4,False
564,22.02,31.2,0.74,70.07,Chicken,1,True
565,349.19,27.38,12.55,97.89,One Dish Meal,4,True
566,372.27,81.52,3.77,22.74,One Dish Meal,4,True
567,1635.46,35.0,9.39,42.13,Pork,1,False
568,3.07,45.74,16.77,9.36,Breakfast,4,False
569,419.28,15.86,0.59,10.0,One Dish Meal,4,True
570,531.11,3.21,0.84,56.19,Chicken,1,True
571,185.75,26.67,2.21,22.35,One Dish Meal,1,False
572,220.68,4.86,2.98,18.9,Vegetable,4,True
573,617.84,16.31,4.25,9.59,Chicken,1,True
575,504.2,27.24,0.77,8.58,Meat,2,False
576,128.3,210.77,112.24,13.02,Dessert,4,False
577,551.3,126.97,1.51,9.77,Breakfast,4,False
578,23.45,17.98,7.1,9.73,Potato,2,True
579,580.33,22.17,3.77,9.22,Potato,4,True
580,197.11,4.74,18.82,2.55,Beverages,1,False
581,467.47,55.6,2.24,51.15,Meat,6,False
583,451.79,19.64,4.16,5.37,Vegetable,6,True
584,268.36,12.29,6.46,78.25,Chicken,4,False
585,373.3,113.99,3.05,7.32,One Dish Meal,2,False
586,815.86,68.71,0.98,66.9,Chicken,2,True
587,10.6,64.88,1.62,23.77,Lunch/Snacks,2,False
588,1.56,59.87,6.57,35.0,Pork,4,True
589,246.78,12.58,2.81,23.36,Pork,2,True
590,801.72,40.78,4.82,44.03,Meat,6,True
591,52.08,75.39,49.53,28.37,Pork,6,True
592,748.98,38.66,2.53,32.23,Pork,6,False
593,87.04,7.73,84.96,9.45,Dessert,1,True
594,372.33,11.65,5.53,34.21,Pork,2,True
595,351.61,18.84,10.87,9.62,Chicken,2,False
596,306.9,19.65,10.34,28.37,Pork,2,True
597,287.32,10.24,2.32,2.18,Beverages,1,False
598,212.4,19.2,2.25,23.78,Breakfast,2,False
599,296.23,8.84,5.1,0.68,Beverages,6,False
600,902.54,6.5,7.17,41.6,Pork,2,True
601,495.13,32.85,4.24,14.21,Potato,6,True
602,565.23,91.95,13.44,3.21,Potato,1,False
603,51.87,31.1,4.06,48.65,Chicken,2,False
604,101.96,32.47,11.44,3.18,Vegetable,4,True
605,9.52,6.4,8.36,49.57,Meat,1,True
606,98.67,1.43,7.73,8.14,Chicken,4,True
607,77.75,21.41,3.51,3.12,Vegetable,4,True
608,51.84,77.02,5.09,6.57,Pork,4,True
610,478.18,89.41,0.58,9.66,Lunch/Snacks,4,False
611,192.8,78.29,0.41,1.62,Potato,1,True
612,1275.23,33.13,8.34,44.23,Chicken,4,False
613,780.48,7.03,2.08,9.93,Lunch/Snacks,1,True
614,74.47,30.82,1.86,4.8,Breakfast,2,False
615,234.26,9.58,10.0,2.88,Potato,4,True
616,45.02,8.83,0.8,3.57,Breakfast,1,False
617,382.43,62.95,19.81,180.06,Pork,4,True
618,818.56,94.81,4.13,2.56,Breakfast,6,False
619,368.09,6.7,0.68,8.16,Lunch/Snacks,1,False
620,41.29,4.45,3.04,9.08,Chicken,4,False
621,26.14,48.43,1.98,30.48,Lunch/Snacks,4,True
622,438.66,127.47,3.61,0.07,Dessert,2,True
623,131.92,7.94,2.42,3.56,Vegetable,1,True
624,236.62,9.67,0.81,9.07,Potato,6,True
625,68.54,7.55,17.68,0.93,Beverages,4,False
626,113.12,87.56,16.96,1.55,Breakfast,2,True
627,544.01,39.29,1.75,2.3,Chicken,6,True
628,200.73,9.04,2.22,4.72,Breakfast,4,False
629,724.43,5.18,2.1,10.67,One Dish Meal,6,True
630,368.49,27.38,13.43,0.63,Chicken,4,False
631,390.39,50.5,1.84,32.66,Lunch/Snacks,1,True
632,299.82,40.79,4.36,1.06,Chicken,6,True
633,105.95,55.8,0.07,7.55,Vegetable,2,True
634,541.86,53.39,1.1,8.41,Vegetable,4,True
635,225.36,23.06,7.59,21.57,Chicken,4,False
636,510.79,48.79,1.87,7.22,Lunch/Snacks,1,True
637,2029.33,25.08,0.61,54.0,One Dish Meal,1,True
638,146.87,76.13,1.65,93.14,Chicken,1,False
639,321.95,1.41,10.76,112.64,Meat,1,True
640,1580.48,16.2,8.67,10.55,Meat,4,False
641,138.64,17.79,8.52,6.82,Vegetable,2,True
642,995.98,54.44,16.15,132.87,Chicken,2,False
643,1610.06,42.58,0.24,48.54,Meat,4,True
644,561.72,18.83,11.76,5.69,Dessert,4,False
645,26.16,32.73,1.32,0.73,Potato,2,True
646,1291.46,63.62,8.22,18.86,Lunch/Snacks,1,True
647,813.82,33.77,1.68,1.01,Chicken,4,False
648,542.56,7.52,7.82,40.74,Pork,4,True
649,131.94,1.19,1.89,0.07,Beverages,4,False
650,338.77,13.88,1.69,0.24,Beverages,2,False
651,269.46,70.53,6.52,23.25,Potato,4,True
652,332.63,25.69,6.66,1.73,Beverages,4,False
653,0.54,30.59,10.45,0.36,Beverages,6,True
654,732.96,8.31,0.91,0.68,Potato,6,True
655,0.59,18.82,58.0,16.44,Dessert,2,True
656,291.89,36.28,63.14,7.02,Dessert,4,True
657,458.66,7.37,13.37,78.76,Chicken,1,False
658,135.07,26.32,4.58,7.11,Potato,4,True
659,16.87,61.77,5.91,10.32,Breakfast,1,True
660,375.59,15.42,7.6,17.7,One Dish Meal,4,True
661,288.86,28.63,50.81,7.71,Dessert,6,True
662,721.81,0.19,0.33,19.0,Dessert,1,True
663,715.14,20.37,3.27,2.47,Dessert,1,False
664,118.71,9.58,3.16,0.69,Beverages,6,False
665,1056.94,38.09,4.27,46.59,Chicken,4,False
666,643.87,0.7,35.74,12.96,Vegetable,6,True
667,100.39,9.66,24.37,16.97,Vegetable,2,True
668,1271.9,50.13,16.8,19.44,Pork,2,True
669,343.96,23.79,58.88,0.41,Dessert,1,True
670,0.8,12.26,1.33,6.21,Chicken,6,False
671,481.88,12.74,1.34,51.9,Chicken,1,True
672,640.65,8.32,2.04,53.64,Meat,4,False
673,66.03,22.47,4.94,1.78,Vegetable,2,True
674,15.79,11.89,5.08,3.75,Vegetable,4,True
676,716.84,15.12,4.17,2.25,Potato,6,True
677,261.88,0.58,12.87,1.76,Beverages,1,False
678,988.66,102.72,3.2,17.35,Breakfast,4,False
679,156.0,20.96,10.28,77.39,Meat,1,True
680,178.95,22.59,4.04,7.04,One Dish Meal,2,True
681,11.57,20.55,0.5,0.02,Beverages,1,False
682,339.38,5.75,10.19,363.36,Chicken,6,True
683,147.24,9.72,0.94,54.0,Chicken,4,False
685,1428.47,19.25,0.13,31.58,Chicken,4,False
686,73.3,7.73,3.95,36.47,Vegetable,6,True
687,975.9,10.81,3.04,60.25,Chicken,4,False
688,249.33,69.42,7.91,11.29,Dessert,4,True
689,389.31,138.05,7.81,7.94,Potato,6,True
690,484.65,60.94,1.05,4.45,Potato,4,True
691,278.35,22.25,1.51,17.9,Chicken,1,True
692,56.91,107.12,1.91,0.8,Vegetable,4,True
693,498.56,5.96,2.08,15.44,Breakfast,2,False
694,32.92,170.88,52.05,6.27,Dessert,4,True
695,1348.4,152.24,0.15,2.56,One Dish Meal,2,True
696,891.11,15.2,1.5,286.97,Chicken,2,False
697,1694.81,41.54,10.96,32.72,Meat,4,True
698,92.44,29.29,2.6,27.19,Chicken,1,False
699,85.29,46.39,2.78,5.08,Vegetable,2,True
700,628.49,20.86,0.33,17.74,Chicken,6,True
701,112.46,15.54,4.33,26.1,Lunch/Snacks,4,True
702,582.49,12.17,0.13,9.3,Chicken,6,False
703,521.32,4.88,11.69,32.98,Chicken,6,True
704,665.01,11.65,19.16,26.66,Breakfast,4,False
705,384.96,58.61,0.55,23.38,Chicken,2,False
706,458.53,28.89,6.32,92.01,Breakfast,1,False
707,313.53,41.44,5.95,5.07,Breakfast,2,False
708,299.17,20.65,6.34,12.65,Pork,6,True
709,278.75,39.36,5.05,0.07,Breakfast,1,False
710,322.89,14.86,0.02,6.84,Lunch/Snacks,6,True
711,207.57,1.52,4.46,15.05,One Dish Meal,6,True
714,720.31,6.88,0.76,17.24,Meat,4,True
715,1044.25,30.87,3.7,5.37,Potato,4,True
716,1335.54,27.82,9.03,8.64,Breakfast,2,False
717,113.37,4.9,1.29,17.08,Pork,6,True
718,999.59,140.22,5.08,0.76,One Dish Meal,1,True
719,915.15,44.8,8.97,14.27,Potato,4,True
720,425.75,162.11,0.64,7.73,Lunch/Snacks,6,True
721,239.1,80.83,0.3,23.25,Breakfast,2,True
722,1588.26,67.84,13.43,5.84,Dessert,6,True
723,1070.05,124.16,2.18,50.84,One Dish Meal,6,True
724,974.61,2.67,4.72,3.08,Pork,4,True
725,263.94,0.98,7.41,13.08,Pork,4,True
726,27.46,8.3,6.91,18.15,Meat,4,True
727,399.26,96.71,8.6,52.0,Pork,4,True
728,213.77,58.08,1.59,1.19,Beverages,6,False
729,818.53,4.97,1.25,31.59,Lunch/Snacks,4,True
730,472.11,15.08,24.63,23.21,Breakfast,4,False
731,241.0,16.83,16.4,1.02,Beverages,2,False
732,712.27,23.3,8.39,54.51,Chicken,2,True
733,1228.14,32.54,1.67,7.38,Potato,4,True
734,215.03,8.86,1.1,3.77,Chicken,1,True
735,54.39,61.77,8.77,12.89,Pork,4,True
736,513.75,65.87,18.63,18.39,Lunch/Snacks,4,False
737,70.53,17.09,10.64,0.87,Beverages,6,False
738,686.84,17.72,95.75,1.64,Dessert,4,True
739,179.24,265.09,0.15,45.29,One Dish Meal,6,True
740,88.59,43.72,3.9,30.75,Lunch/Snacks,4,True
741,1402.99,2.13,4.01,19.75,Chicken,6,True
742,92.01,51.29,9.66,1.95,Dessert,4,True
743,1045.25,73.99,0.53,34.94,Meat,1,True
744,12.99,68.8,3.64,11.38,Lunch/Snacks,1,True
745,263.04,52.87,1.27,19.53,Potato,6,True
746,129.07,37.3,2.09,31.57,Pork,2,True
747,548.43,127.12,8.71,24.1,Chicken,2,False
748,153.76,14.27,0.21,0.96,Beverages,4,False
749,227.88,21.19,15.05,83.9,Pork,4,False
751,54.81,12.49,8.26,12.53,Breakfast,6,False
752,32.29,133.9,14.35,0.74,Dessert,6,False
753,1377.61,18.99,7.93,38.94,One Dish Meal,4,True
754,1317.56,24.42,26.36,85.79,Pork,4,True
755,69.69,76.09,1.72,99.13,One Dish Meal,2,True
756,790.21,3.92,5.93,23.16,Chicken,4,True
757,1203.79,46.46,1.26,7.99,One Dish Meal,4,False
758,853.22,24.8,0.9,14.1,Lunch/Snacks,4,False
759,253.63,12.99,5.75,9.5,Potato,1,False
760,878.7,7.7,3.87,35.12,Pork,6,True
761,201.19,6.4,56.78,0.13,Beverages,4,False
762,197.73,224.16,2.97,1.26,Potato,2,True
763,374.75,3.42,18.07,25.39,One Dish Meal,1,True
764,255.77,111.08,14.46,2.17,Pork,1,True
765,474.73,12.78,3.66,1.17,Beverages,4,False
767,217.78,0.62,4.51,0.46,Vegetable,6,True
768,337.25,31.92,8.0,27.51,One Dish Meal,1,True
769,732.56,8.13,1.98,0.07,Breakfast,4,False
770,573.69,9.55,5.19,7.83,Meat,4,False
771,899.53,55.54,7.64,18.26,Dessert,2,True
772,96.2,7.2,5.51,0.27,Beverages,1,False
774,597.75,34.77,4.7,38.26,Chicken,1,True
775,48.76,6.27,1.5,0.1,Beverages,6,False
776,1270.46,10.74,2.19,51.99,Pork,4,True
777,544.51,88.67,14.45,63.94,Breakfast,1,False
778,47.89,17.17,9.89,0.89,Beverages,6,False
779,241.29,4.25,7.69,9.87,Lunch/Snacks,6,True
780,12.25,11.17,7.44,26.89,Meat,6,True
781,83.42,8.11,0.37,0.36,Beverages,4,False
782,2068.07,34.23,1.46,10.02,Potato,1,True
783,44.15,18.62,1.65,182.63,Pork,1,True
784,529.26,7.54,6.94,25.21,Meat,4,True
785,127.84,65.14,1.91,29.65,Lunch/Snacks,4,False
786,23.84,54.51,0.63,0.59,Breakfast,6,True
787,1160.95,3.69,11.83,33.12,Chicken,4,False
788,100.83,162.91,0.41,5.68,Potato,6,True
789,71.71,51.87,9.8,15.1,Meat,4,True
790,35.64,92.44,15.83,10.27,One Dish Meal,4,True
791,102.32,46.13,15.64,6.5,Lunch/Snacks,6,False
792,28.99,46.4,7.14,0.22,Beverages,6,False
793,651.82,63.66,5.25,52.18,One Dish Meal,6,True
794,633.17,20.0,2.35,26.11,Lunch/Snacks,4,True
795,481.51,5.99,5.43,28.51,Meat,4,True
796,41.92,25.28,1.95,14.62,Chicken,2,True
797,665.49,15.55,0.77,18.8,Chicken,4,True
798,94.44,13.41,2.48,3.24,Potato,4,True
799,100.82,102.44,1.25,33.51,Potato,1,True
800,39.82,9.71,19.24,8.5,Dessert,2,False
801,1054.4,25.96,0.43,0.24,Potato,6,False
802,1078.33,13.48,11.42,136.65,Pork,6,True
803,71.73,25.82,2.41,33.21,Meat,6,False
804,999.13,51.34,2.82,25.25,Lunch/Snacks,1,True
805,446.58,0.44,0.05,37.28,Chicken,4,False
806,1370.8,0.48,2.15,1.65,Meat,4,False
807,96.49,37.38,3.93,1.24,Potato,6,True
808,73.56,15.61,5.91,4.71,Lunch/Snacks,6,True
809,502.89,3.44,3.9,0.1,Beverages,6,False
810,328.47,6.01,3.9,33.17,Chicken,4,False
811,336.13,38.56,75.48,14.64,Dessert,1,False
812,1053.49,6.49,10.53,10.27,Vegetable,4,True
813,550.71,11.53,0.35,0.0,Potato,2,True
814,1245.7,0.08,14.34,3.52,Lunch/Snacks,4,True
815,305.22,41.6,0.18,25.99,Chicken,4,False
816,41.52,135.88,6.02,38.49,Breakfast,4,False
817,535.55,0.08,4.4,5.56,One Dish Meal,6,True
818,12.06,41.93,0.84,15.38,Breakfast,1,False
819,208.31,84.21,4.99,43.5,One Dish Meal,6,True
820,600.24,51.08,18.07,5.91,Dessert,4,True
821,7.63,38.99,5.21,0.64,Vegetable,4,True
822,439.11,38.45,2.72,15.7,Pork,1,True
823,212.15,24.89,1.66,6.13,One Dish Meal,2,True
824,1356.45,8.6,3.33,2.23,Pork,2,True
825,247.89,44.68,2.64,19.94,Chicken,1,True
826,12.24,37.13,3.39,0.28,Vegetable,1,True
827,228.51,40.37,5.18,4.55,Potato,1,True
828,71.34,38.27,2.88,24.74,Meat,1,True
829,414.54,17.84,1.23,7.5,Potato,6,True
830,912.77,79.94,1.85,44.36,One Dish Meal,1,True
831,633.79,228.67,1.1,4.14,Potato,4,True
832,674.75,21.48,3.93,23.86,Lunch/Snacks,1,True
833,23.62,49.82,4.97,5.53,Vegetable,4,True
834,86.02,31.49,1.27,6.72,Lunch/Snacks,6,True
835,108.55,42.6,1.04,1.96,Vegetable,4,True
836,624.57,3.46,14.41,15.7,Chicken,1,False
837,953.06,10.38,0.26,13.3,Breakfast,4,False
838,12.63,40.82,0.59,3.41,Vegetable,4,True
839,727.55,2.81,1.01,28.55,Meat,4,True
840,340.31,0.41,2.29,10.55,Chicken,4,True
841,84.91,28.31,9.9,41.53,Chicken,6,True
842,516.57,36.73,4.34,5.37,Chicken,4,False
843,282.89,114.65,2.51,28.11,Lunch/Snacks,6,True
844,255.92,157.92,2.18,3.47,Potato,4,True
845,805.11,194.26,45.95,4.03,Dessert,4,True
846,399.59,56.13,5.77,4.81,Dessert,2,False
847,128.46,151.69,8.12,0.76,Dessert,4,False
848,88.17,49.37,0.01,0.4,Beverages,6,False
849,64.15,6.14,0.27,29.33,Meat,2,True
850,0.64,75.64,3.26,6.95,Breakfast,1,False
851,17.7,78.46,23.19,0.22,Dessert,2,False
853,474.05,4.67,1.1,39.11,Chicken,1,False
854,406.57,8.78,0.09,0.61,Dessert,6,False
855,63.05,10.13,5.18,15.16,Lunch/Snacks,6,False
856,143.51,6.17,0.54,5.0,Pork,4,True
857,362.78,97.21,0.55,21.11,Lunch/Snacks,2,True
858,113.31,11.5,1.73,11.6,Vegetable,2,True
859,388.44,12.89,4.62,13.93,Pork,4,True
861,207.96,16.55,76.11,1.19,Dessert,4,False
862,1646.67,9.42,5.12,245.57,Chicken,6,True
863,21.09,10.5,4.66,0.02,Beverages,2,False
864,48.5,7.49,0.11,17.24,Breakfast,4,False
865,57.63,7.79,4.95,3.75,Vegetable,4,True
867,642.71,12.75,2.33,35.22,Chicken,2,False
868,307.36,31.39,52.17,10.12,Dessert,6,False
869,301.49,10.39,14.02,4.94,Lunch/Snacks,4,True
870,184.32,14.18,7.47,0.04,Beverages,1,False
871,1471.33,86.51,0.79,0.58,Potato,1,True
872,442.15,5.62,0.79,59.69,One Dish Meal,2,True
873,230.27,9.26,0.43,56.8,One Dish Meal,6,True
874,161.3,35.29,3.23,3.51,Potato,6,True
875,976.87,7.73,3.01,49.04,One Dish Meal,2,True
876,141.66,38.53,2.96,10.13,Potato,4,True
877,25.21,0.47,20.64,52.56,Pork,2,True
878,70.25,28.84,4.54,3.96,Breakfast,4,False
879,88.26,18.58,5.21,99.64,Meat,6,True
880,190.33,22.62,0.51,11.92,Meat,4,False
881,282.57,9.87,1.9,0.16,Beverages,4,False
882,219.25,3.19,5.82,12.75,Vegetable,4,True
883,248.6,24.45,5.37,0.38,Breakfast,1,False
884,343.26,85.06,1.58,19.57,Lunch/Snacks,2,False
885,504.09,32.76,1.46,25.73,One Dish Meal,2,False
886,166.85,159.72,2.8,21.47,Breakfast,4,False
887,30.37,38.4,0.1,35.2,Vegetable,2,True
888,1716.03,19.99,6.71,25.29,Chicken,2,True
889,1129.21,85.35,1.69,11.92,Pork,4,True
890,110.86,17.28,10.33,60.57,Chicken,4,False
892,309.67,23.22,10.01,7.25,Chicken,1,False
893,134.33,23.47,4.46,23.21,Vegetable,4,True
895,576.07,21.89,2.96,71.16,Pork,4,False
896,309.05,126.18,37.76,2.76,Dessert,4,True
898,576.38,15.98,0.54,36.23,Pork,2,False
899,643.99,31.56,2.3,57.14,Meat,2,True
900,35.81,3.38,0.07,0.12,Beverages,6,False
901,116.69,19.94,9.75,3.01,Vegetable,2,True
902,92.61,1.35,3.59,0.04,Beverages,6,True
903,779.72,24.92,1.62,22.45,Pork,4,True
904,284.59,9.73,1.76,111.57,Meat,4,True
905,449.22,96.11,4.6,6.58,Pork,2,True
906,42.3,12.14,1.86,87.25,Chicken,2,False
907,194.37,12.17,1.58,3.67,Lunch/Snacks,4,False
908,2332.32,7.47,3.62,34.33,One Dish Meal,1,True
909,109.42,51.67,2.54,4.5,Lunch/Snacks,1,True
910,868.76,46.47,2.68,23.05,Lunch/Snacks,1,True
911,74.73,2.99,1.18,0.22,Potato,6,True
913,109.21,7.37,15.64,0.5,Beverages,1,False
914,1089.14,5.14,7.51,47.4,Chicken,6,False
915,231.35,60.56,0.01,5.16,Potato,6,True
916,124.67,22.33,0.61,1.31,Potato,4,True
917,64.27,0.16,51.64,0.74,Beverages,2,False
918,367.92,45.8,0.93,4.61,Breakfast,2,False
920,1148.55,10.37,5.7,30.83,Meat,6,True
921,375.32,131.8,16.43,4.76,Chicken,4,True
922,239.23,32.87,3.37,40.62,Breakfast,4,False
923,27.65,31.14,3.6,8.66,Potato,4,True
924,324.12,28.42,7.79,12.47,Meat,2,True
925,199.2,0.69,4.11,0.12,Beverages,4,False
926,3633.16,29.07,0.35,2.32,Chicken,4,False
927,269.24,30.22,13.63,36.72,Meat,2,True
928,253.14,19.23,11.22,2.35,One Dish Meal,2,True
929,5.87,47.91,30.06,24.72,Meat,4,True
930,350.88,1.34,0.54,0.06,Beverages,4,False
931,607.52,34.88,5.49,9.79,Lunch/Snacks,4,True
932,110.17,65.7,58.15,5.92,Dessert,1,True
933,1017.32,85.12,1.71,1.85,Potato,1,False
934,47.74,5.33,0.87,17.42,Chicken,4,True
935,113.62,7.12,5.27,13.4,Vegetable,4,True
936,262.29,60.13,72.49,5.07,Dessert,4,True
937,164.86,1.62,7.57,48.35,Pork,4,True
938,126.31,45.48,6.26,10.44,Dessert,1,True
940,2283.29,34.34,5.12,17.57,Chicken,6,False
941,1337.5,49.91,0.76,57.9,Chicken,4,False
942,186.21,83.94,1.98,22.4,Chicken,4,True
943,1161.0,5.31,22.39,44.22,Lunch/Snacks,2,False
945,951.74,29.42,3.57,13.87,Pork,2,True
946,266.61,35.77,0.97,8.07,Potato,6,True
947,184.56,45.21,6.2,0.03,Beverages,4,False
